"","steam_ds.appid"
"1",10
"2",20
"3",30
"4",40
"5",50
"6",60
"7",70
"8",80
"9",130
"10",220
"11",240
"12",280
"13",300
"14",320
"15",340
"16",360
"17",380
"18",400
"19",420
"20",440
"21",500
"22",550
"23",570
"24",620
"25",630
"26",730
"27",1200
"28",1250
"29",1510
"30",1520
"31",1840
"32",1930
"33",2100
"34",2200
"35",2210
"36",2270
"37",2280
"38",2300
"39",2310
"40",2320
"41",2400
"42",2500
"43",2600
"44",2620
"45",2630
"46",2820
"47",2870
"48",2990
"49",3480
"50",3590
"51",3700
"52",3720
"53",3730
"54",3830
"55",3900
"56",3910
"57",3920
"58",4000
"59",4500
"60",4560
"61",4570
"62",4580
"63",4700
"64",4720
"65",4760
"66",4850
"67",4920
"68",6000
"69",6020
"70",6030
"71",6060
"72",6120
"73",6200
"74",6220
"75",6310
"76",6370
"77",6550
"78",6800
"79",6830
"80",6850
"81",6860
"82",6880
"83",6900
"84",6910
"85",6920
"86",6980
"87",7000
"88",7200
"89",7510
"90",7520
"91",7600
"92",7760
"93",7940
"94",8000
"95",8080
"96",8140
"97",8170
"98",8190
"99",8500
"100",8600
"101",8800
"102",8870
"103",8930
"104",9010
"105",9050
"106",9200
"107",9350
"108",9420
"109",9450
"110",9480
"111",9880
"112",9900
"113",10090
"114",10150
"115",10180
"116",10220
"117",10500
"118",10680
"119",11020
"120",11280
"121",11450
"122",12100
"123",12110
"124",12120
"125",12130
"126",12140
"127",12150
"128",12200
"129",12210
"130",12220
"131",12320
"132",12360
"133",12710
"134",12810
"135",12830
"136",13140
"137",13210
"138",13230
"139",13240
"140",13250
"141",13520
"142",13560
"143",13570
"144",15100
"145",15120
"146",15130
"147",15170
"148",15320
"149",15620
"150",15700
"151",16450
"152",16720
"153",16730
"154",17080
"155",17300
"156",17330
"157",17390
"158",17410
"159",17430
"160",17450
"161",17460
"162",17470
"163",17480
"164",17500
"165",17570
"166",17710
"167",18500
"168",18700
"169",19900
"170",19980
"171",20510
"172",20530
"173",20540
"174",20570
"175",20820
"176",20900
"177",20920
"178",21000
"179",21090
"180",21100
"181",21130
"182",21690
"183",21980
"184",22000
"185",22100
"186",22120
"187",22180
"188",22200
"189",22230
"190",22300
"191",22320
"192",22330
"193",22350
"194",22370
"195",22380
"196",22600
"197",22610
"198",23490
"199",24010
"200",24200
"201",24240
"202",24420
"203",24720
"204",24740
"205",24780
"206",24790
"207",24800
"208",24840
"209",24870
"210",24960
"211",24980
"212",25000
"213",25800
"214",25830
"215",25890
"216",25900
"217",26800
"218",28000
"219",29800
"220",31270
"221",32360
"222",32370
"223",32380
"224",32400
"225",32430
"226",32440
"227",32470
"228",32500
"229",33120
"230",33230
"231",33460
"232",33680
"233",33900
"234",33930
"235",34010
"236",34030
"237",34830
"238",34870
"239",34900
"240",35000
"241",35130
"242",35140
"243",35450
"244",35700
"245",35720
"246",38400
"247",38410
"248",38420
"249",38600
"250",38700
"251",38720
"252",38740
"253",39000
"254",39120
"255",39140
"256",39150
"257",39190
"258",39200
"259",39210
"260",39500
"261",39510
"262",39680
"263",39690
"264",39800
"265",40100
"266",40300
"267",40380
"268",40390
"269",40400
"270",40700
"271",40950
"272",40970
"273",40990
"274",41000
"275",41070
"276",41100
"277",41300
"278",41500
"279",41700
"280",42120
"281",42670
"282",42700
"283",42910
"284",42960
"285",44350
"286",45100
"287",45700
"288",45740
"289",45750
"290",45760
"291",45770
"292",46500
"293",46510
"294",47400
"295",47410
"296",47700
"297",47780
"298",47790
"299",47810
"300",47870
"301",47890
"302",48000
"303",48110
"304",48190
"305",48240
"306",48700
"307",48720
"308",49520
"309",49600
"310",50130
"311",50300
"312",55040
"313",55100
"314",55110
"315",55140
"316",55150
"317",55230
"318",57300
"319",57640
"320",57690
"321",57740
"322",57900
"323",58610
"324",61700
"325",63710
"326",64000
"327",65540
"328",65790
"329",65800
"330",65930
"331",65980
"332",67370
"333",70000
"334",70300
"335",70400
"336",70600
"337",71230
"338",71340
"339",72850
"340",78000
"341",80310
"342",91200
"343",91600
"344",91700
"345",91900
"346",92000
"347",92100
"348",92800
"349",94200
"350",94300
"351",94400
"352",95400
"353",96000
"354",96100
"355",97000
"356",97330
"357",98200
"358",98300
"359",98400
"360",98800
"361",99300
"362",99900
"363",99910
"364",102500
"365",102600
"366",102840
"367",104200
"368",104900
"369",105000
"370",105450
"371",105600
"372",107100
"373",107200
"374",107300
"375",107310
"376",107410
"377",107600
"378",108200
"379",108600
"380",108710
"381",108800
"382",109600
"383",110800
"384",113020
"385",113200
"386",113400
"387",113420
"388",115100
"389",115110
"390",115320
"391",115800
"392",200010
"393",200170
"394",200210
"395",200260
"396",200510
"397",200710
"398",200900
"399",201230
"400",201510
"401",201570
"402",201790
"403",201810
"404",201870
"405",202200
"406",202750
"407",202970
"408",203140
"409",203160
"410",203290
"411",203630
"412",203750
"413",203770
"414",203830
"415",204030
"416",204060
"417",204100
"418",204180
"419",204240
"420",204300
"421",204340
"422",204360
"423",204530
"424",204630
"425",204880
"426",205020
"427",205100
"428",205230
"429",205650
"430",205910
"431",205950
"432",206190
"433",206210
"434",206420
"435",206440
"436",206480
"437",206500
"438",207080
"439",207140
"440",207170
"441",207230
"442",207350
"443",207490
"444",207690
"445",207750
"446",208140
"447",208200
"448",208500
"449",208520
"450",208580
"451",208650
"452",208670
"453",208730
"454",208750
"455",209000
"456",209080
"457",209100
"458",209120
"459",209160
"460",209370
"461",209540
"462",209650
"463",209670
"464",209830
"465",210770
"466",210970
"467",211160
"468",211260
"469",211400
"470",211440
"471",211500
"472",211600
"473",211820
"474",212010
"475",212030
"476",212070
"477",212160
"478",212390
"479",212500
"480",212630
"481",212680
"482",212800
"483",213330
"484",213610
"485",213650
"486",213670
"487",213850
"488",214170
"489",214250
"490",214340
"491",214360
"492",214420
"493",214490
"494",214590
"495",214770
"496",214830
"497",214870
"498",214950
"499",214970
"500",215080
"501",215160
"502",215280
"503",215470
"504",215510
"505",215530
"506",215670
"507",215690
"508",215830
"509",216150
"510",216890
"511",216910
"512",217140
"513",217200
"514",217690
"515",217750
"516",217920
"517",218060
"518",218230
"519",218410
"520",218620
"521",218640
"522",218680
"523",218740
"524",218820
"525",219150
"526",219640
"527",219680
"528",219780
"529",219830
"530",219890
"531",219910
"532",219990
"533",220090
"534",220160
"535",220200
"536",220240
"537",220260
"538",220440
"539",220700
"540",220740
"541",220780
"542",220820
"543",220860
"544",221020
"545",221040
"546",221100
"547",221260
"548",221380
"549",221540
"550",221640
"551",221680
"552",221810
"553",221910
"554",222480
"555",222730
"556",222750
"557",222880
"558",222940
"559",222980
"560",223100
"561",223220
"562",223470
"563",223710
"564",223750
"565",223810
"566",223830
"567",224260
"568",224460
"569",224480
"570",224500
"571",224600
"572",224760
"573",224820
"574",224920
"575",224960
"576",225080
"577",225160
"578",225260
"579",225280
"580",225420
"581",225540
"582",225600
"583",225640
"584",225840
"585",226580
"586",226720
"587",226740
"588",226840
"589",226860
"590",227000
"591",227080
"592",227100
"593",227160
"594",227200
"595",227220
"596",227300
"597",227580
"598",227600
"599",227780
"600",227860
"601",227940
"602",228200
"603",228260
"604",228280
"605",228300
"606",228360
"607",228380
"608",228760
"609",230050
"610",230070
"611",230190
"612",230270
"613",230290
"614",230410
"615",230700
"616",230820
"617",230840
"618",231040
"619",231140
"620",231160
"621",231430
"622",231740
"623",232010
"624",232050
"625",232090
"626",232430
"627",232750
"628",232770
"629",232790
"630",232890
"631",232910
"632",233130
"633",233150
"634",233270
"635",233290
"636",233450
"637",233470
"638",233550
"639",233610
"640",233720
"641",233740
"642",233840
"643",233860
"644",233980
"645",234080
"646",234140
"647",234190
"648",234270
"649",234390
"650",234630
"651",234650
"652",234670
"653",234900
"654",234940
"655",235210
"656",235250
"657",235340
"658",235380
"659",235400
"660",235460
"661",235540
"662",235600
"663",235800
"664",236090
"665",236110
"666",236150
"667",236370
"668",236390
"669",236430
"670",236450
"671",236510
"672",236690
"673",236850
"674",237310
"675",237630
"676",237740
"677",237850
"678",237870
"679",237890
"680",237930
"681",237990
"682",238010
"683",238090
"684",238210
"685",238260
"686",238320
"687",238370
"688",238430
"689",238460
"690",238750
"691",238960
"692",239030
"693",239070
"694",239120
"695",239140
"696",239160
"697",239200
"698",239250
"699",239430
"700",239800
"701",239820
"702",239840
"703",240320
"704",240720
"705",240760
"706",241240
"707",241260
"708",241320
"709",241410
"710",241560
"711",241600
"712",241720
"713",241910
"714",242050
"715",242570
"716",242640
"717",242680
"718",242700
"719",242720
"720",242760
"721",242820
"722",242840
"723",242860
"724",242880
"725",242920
"726",243120
"727",243200
"728",243450
"729",243470
"730",243800
"731",243930
"732",243950
"733",243970
"734",244030
"735",244050
"736",244160
"737",244210
"738",244450
"739",244590
"740",244710
"741",244730
"742",244770
"743",244850
"744",244870
"745",244910
"746",244930
"747",245170
"748",245280
"749",245470
"750",245490
"751",245620
"752",246090
"753",246110
"754",246420
"755",246580
"756",246620
"757",246700
"758",246760
"759",246900
"760",247000
"761",247020
"762",247080
"763",247240
"764",247430
"765",247660
"766",247730
"767",247950
"768",248310
"769",248390
"770",248570
"771",248610
"772",248630
"773",248650
"774",248820
"775",248860
"776",249050
"777",249130
"778",249230
"779",249330
"780",249590
"781",249650
"782",249680
"783",249870
"784",249990
"785",250050
"786",250110
"787",250180
"788",250260
"789",250320
"790",250340
"791",250380
"792",250400
"793",250420
"794",250460
"795",250500
"796",250520
"797",250560
"798",250580
"799",250600
"800",250620
"801",250760
"802",250900
"803",251060
"804",251130
"805",251150
"806",251170
"807",251470
"808",251570
"809",251730
"810",251870
"811",251950
"812",251990
"813",252030
"814",252110
"815",252330
"816",252350
"817",252410
"818",252450
"819",252470
"820",252490
"821",252530
"822",252610
"823",252630
"824",252670
"825",252870
"826",252950
"827",253030
"828",253110
"829",253230
"830",253250
"831",253330
"832",253430
"833",253510
"834",253710
"835",253750
"836",253840
"837",253900
"838",253980
"839",254200
"840",254440
"841",254700
"842",255070
"843",255220
"844",255300
"845",255420
"846",255710
"847",256190
"848",256290
"849",257030
"850",257170
"851",257350
"852",257510
"853",257730
"854",257750
"855",257850
"856",258180
"857",258520
"858",258760
"859",258970
"860",259060
"861",259080
"862",259550
"863",259680
"864",259740
"865",260210
"866",260230
"867",260410
"868",260430
"869",260750
"870",261110
"871",261180
"872",261470
"873",261640
"874",261700
"875",261760
"876",262060
"877",262150
"878",262260
"879",262280
"880",262410
"881",262830
"882",262940
"883",262960
"884",263060
"885",263280
"886",263300
"887",263500
"888",263540
"889",263620
"890",263760
"891",263980
"892",264120
"893",264200
"894",264240
"895",264380
"896",264710
"897",264730
"898",265210
"899",265300
"900",265330
"901",265550
"902",265590
"903",265610
"904",265630
"905",265690
"906",265890
"907",265930
"908",266010
"909",266130
"910",266210
"911",266310
"912",266430
"913",266510
"914",266840
"915",267490
"916",267530
"917",268050
"918",268130
"919",268420
"920",268500
"921",268540
"922",268650
"923",268750
"924",268850
"925",268870
"926",268910
"927",269050
"928",269210
"929",269270
"930",269490
"931",269770
"932",269790
"933",269950
"934",270150
"935",270170
"936",270210
"937",270450
"938",270550
"939",270570
"940",270630
"941",270850
"942",270880
"943",271240
"944",271500
"945",271570
"946",271590
"947",272040
"948",272060
"949",272270
"950",272470
"951",272510
"952",272890
"953",273110
"954",273500
"955",274170
"956",274190
"957",274230
"958",274270
"959",274290
"960",274310
"961",274350
"962",274500
"963",274520
"964",274560
"965",274900
"966",274920
"967",274940
"968",275100
"969",275200
"970",275390
"971",275470
"972",275490
"973",275670
"974",275850
"975",276810
"976",277430
"977",278080
"978",278360
"979",278460
"980",278890
"981",278970
"982",280160
"983",280180
"984",280220
"985",280790
"986",281370
"987",281610
"988",281640
"989",281920
"990",281990
"991",282070
"992",282140
"993",282440
"994",282560
"995",282660
"996",282760
"997",282800
"998",282900
"999",283230
"1000",283290
"1001",283640
"1002",283680
"1003",283880
"1004",284160
"1005",284390
"1006",284950
"1007",285190
"1008",285310
"1009",285330
"1010",285440
"1011",285800
"1012",285900
"1013",285920
"1014",286000
"1015",286040
"1016",286100
"1017",286160
"1018",286260
"1019",286340
"1020",286570
"1021",286690
"1022",286940
"1023",287260
"1024",287290
"1025",287390
"1026",287450
"1027",287700
"1028",287920
"1029",287980
"1030",288160
"1031",288470
"1032",289070
"1033",289090
"1034",289130
"1035",289650
"1036",289690
"1037",289950
"1038",290080
"1039",290300
"1040",290340
"1041",290730
"1042",290770
"1043",290790
"1044",291410
"1045",291480
"1046",291550
"1047",291650
"1048",291860
"1049",292030
"1050",292120
"1051",292140
"1052",292380
"1053",292410
"1054",292630
"1055",292730
"1056",292910
"1057",293180
"1058",293260
"1059",293540
"1060",293760
"1061",293780
"1062",294040
"1063",294100
"1064",294810
"1065",294860
"1066",295550
"1067",295690
"1068",295790
"1069",296070
"1070",296300
"1071",296470
"1072",296490
"1073",296710
"1074",296770
"1075",296830
"1076",296870
"1077",296910
"1078",296970
"1079",297000
"1080",297020
"1081",297120
"1082",297130
"1083",298110
"1084",298160
"1085",298240
"1086",298260
"1087",298520
"1088",298600
"1089",298610
"1090",298630
"1091",299360
"1092",299460
"1093",299720
"1094",299740
"1095",300080
"1096",300380
"1097",300550
"1098",300570
"1099",301520
"1100",301640
"1101",301750
"1102",301860
"1103",301910
"1104",301970
"1105",302080
"1106",302380
"1107",302510
"1108",302590
"1109",302610
"1110",302670
"1111",302710
"1112",302830
"1113",303210
"1114",303390
"1115",304030
"1116",304050
"1117",304240
"1118",304390
"1119",304410
"1120",304430
"1121",304530
"1122",304650
"1123",304730
"1124",304930
"1125",305260
"1126",305620
"1127",306020
"1128",306040
"1129",306130
"1130",306660
"1131",307050
"1132",307070
"1133",307110
"1134",307230
"1135",307290
"1136",307670
"1137",307690
"1138",307780
"1139",307880
"1140",307960
"1141",308040
"1142",308420
"1143",310060
"1144",310080
"1145",310360
"1146",310370
"1147",310470
"1148",310510
"1149",310560
"1150",310790
"1151",310950
"1152",311210
"1153",311240
"1154",311290
"1155",311310
"1156",311340
"1157",311560
"1158",311690
"1159",311730
"1160",311870
"1161",312150
"1162",312280
"1163",312450
"1164",312520
"1165",312530
"1166",312610
"1167",312660
"1168",312670
"1169",312750
"1170",312840
"1171",312990
"1172",313010
"1173",313020
"1174",313120
"1175",313160
"1176",313340
"1177",313630
"1178",313690
"1179",313730
"1180",313740
"1181",314000
"1182",314020
"1183",314160
"1184",314230
"1185",314280
"1186",314410
"1187",314660
"1188",314710
"1189",314790
"1190",314970
"1191",315430
"1192",315660
"1193",315810
"1194",316010
"1195",316390
"1196",316720
"1197",316790
"1198",317250
"1199",317360
"1200",317410
"1201",317470
"1202",317820
"1203",318020
"1204",318100
"1205",318220
"1206",318230
"1207",318430
"1208",318600
"1209",319510
"1210",319630
"1211",319910
"1212",320040
"1213",320140
"1214",320240
"1215",320300
"1216",320340
"1217",321360
"1218",321400
"1219",322110
"1220",322170
"1221",322190
"1222",322330
"1223",322500
"1224",322780
"1225",322910
"1226",323060
"1227",323190
"1228",323320
"1229",323380
"1230",323470
"1231",323580
"1232",323850
"1233",324160
"1234",324310
"1235",324510
"1236",324800
"1237",324810
"1238",325610
"1239",326160
"1240",326180
"1241",326190
"1242",326410
"1243",326460
"1244",326480
"1245",327030
"1246",327070
"1247",327090
"1248",327410
"1249",327640
"1250",327890
"1251",328080
"1252",328760
"1253",329050
"1254",329110
"1255",329130
"1256",329430
"1257",329440
"1258",329490
"1259",330390
"1260",330820
"1261",330830
"1262",331120
"1263",331360
"1264",331440
"1265",331470
"1266",331480
"1267",331500
"1268",331600
"1269",331870
"1270",332070
"1271",332200
"1272",332310
"1273",332500
"1274",332570
"1275",332800
"1276",332950
"1277",333250
"1278",333420
"1279",333600
"1280",333640
"1281",333930
"1282",333950
"1283",333980
"1284",334040
"1285",334210
"1286",334230
"1287",334420
"1288",335000
"1289",335240
"1290",335300
"1291",335330
"1292",335430
"1293",335620
"1294",335670
"1295",337000
"1296",337320
"1297",337340
"1298",337950
"1299",338170
"1300",338180
"1301",338390
"1302",338540
"1303",339200
"1304",339230
"1305",339280
"1306",339340
"1307",339400
"1308",339600
"1309",339610
"1310",339800
"1311",340050
"1312",340150
"1313",340170
"1314",341000
"1315",341310
"1316",341500
"1317",341720
"1318",341800
"1319",341940
"1320",342180
"1321",342200
"1322",342380
"1323",342480
"1324",342560
"1325",342580
"1326",342980
"1327",343100
"1328",343360
"1329",343710
"1330",343860
"1331",344040
"1332",344760
"1333",344770
"1334",344850
"1335",345180
"1336",345350
"1337",345390
"1338",345650
"1339",345820
"1340",346010
"1341",346110
"1342",346120
"1343",346250
"1344",346330
"1345",346560
"1346",346900
"1347",346940
"1348",347430
"1349",347560
"1350",347620
"1351",347830
"1352",348020
"1353",348250
"1354",348620
"1355",349040
"1356",349720
"1357",350080
"1358",350640
"1359",350740
"1360",351030
"1361",351290
"1362",351490
"1363",351640
"1364",351710
"1365",351800
"1366",351920
"1367",351940
"1368",351970
"1369",351990
"1370",352400
"1371",352460
"1372",352520
"1373",353130
"1374",353270
"1375",353360
"1376",353560
"1377",353640
"1378",353700
"1379",354140
"1380",354200
"1381",354240
"1382",354380
"1383",355180
"1384",355790
"1385",355840
"1386",355980
"1387",356040
"1388",356190
"1389",356310
"1390",356400
"1391",356500
"1392",356520
"1393",356570
"1394",356670
"1395",357070
"1396",357190
"1397",357770
"1398",357900
"1399",358130
"1400",359050
"1401",359310
"1402",359320
"1403",359390
"1404",359550
"1405",359800
"1406",359870
"1407",360150
"1408",360170
"1409",360430
"1410",360640
"1411",360740
"1412",360830
"1413",360870
"1414",360940
"1415",361280
"1416",361300
"1417",361420
"1418",361630
"1419",361800
"1420",362490
"1421",362620
"1422",362680
"1423",362890
"1424",362930
"1425",362960
"1426",363130
"1427",363440
"1428",363600
"1429",363680
"1430",363890
"1431",363930
"1432",363970
"1433",364050
"1434",364360
"1435",364420
"1436",364470
"1437",364690
"1438",365160
"1439",365300
"1440",365450
"1441",365590
"1442",366090
"1443",366220
"1444",366250
"1445",366320
"1446",366890
"1447",366910
"1448",367120
"1449",367450
"1450",367500
"1451",367520
"1452",367580
"1453",367670
"1454",368070
"1455",368230
"1456",368360
"1457",368370
"1458",368500
"1459",368730
"1460",368950
"1461",368990
"1462",369070
"1463",369400
"1464",369580
"1465",369990
"1466",370280
"1467",370360
"1468",370510
"1469",370910
"1470",371200
"1471",371570
"1472",371660
"1473",371970
"1474",372000
"1475",372360
"1476",372540
"1477",372800
"1478",373180
"1479",373330
"1480",373420
"1481",373770
"1482",374030
"1483",374040
"1484",374280
"1485",374320
"1486",375230
"1487",375460
"1488",375510
"1489",375600
"1490",375820
"1491",375900
"1492",375910
"1493",375950
"1494",376210
"1495",376300
"1496",376870
"1497",377160
"1498",377530
"1499",377840
"1500",378370
"1501",378540
"1502",378610
"1503",378720
"1504",378860
"1505",379430
"1506",379720
"1507",379980
"1508",380600
"1509",380840
"1510",381120
"1511",381210
"1512",381780
"1513",381940
"1514",382110
"1515",382140
"1516",382310
"1517",382490
"1518",383080
"1519",383120
"1520",383150
"1521",383180
"1522",383230
"1523",383580
"1524",383870
"1525",383980
"1526",384180
"1527",384190
"1528",384300
"1529",384490
"1530",384630
"1531",385270
"1532",385370
"1533",385380
"1534",385710
"1535",385730
"1536",385760
"1537",385770
"1538",385800
"1539",386070
"1540",386180
"1541",386360
"1542",386480
"1543",386620
"1544",386880
"1545",386940
"1546",387290
"1547",387340
"1548",387860
"1549",387990
"1550",388090
"1551",388210
"1552",388410
"1553",388750
"1554",388880
"1555",389430
"1556",389570
"1557",389730
"1558",390340
"1559",390520
"1560",390670
"1561",391040
"1562",391220
"1563",391260
"1564",391270
"1565",391460
"1566",391540
"1567",391720
"1568",391730
"1569",392110
"1570",392160
"1571",393080
"1572",393380
"1573",393410
"1574",393420
"1575",393530
"1576",394230
"1577",394310
"1578",394360
"1579",394510
"1580",394690
"1581",394760
"1582",394970
"1583",395170
"1584",395520
"1585",396650
"1586",396750
"1587",397060
"1588",397270
"1589",397340
"1590",397900
"1591",397950
"1592",398710
"1593",398850
"1594",399670
"1595",399820
"1596",400170
"1597",400240
"1598",400250
"1599",400630
"1600",400910
"1601",401190
"1602",402180
"1603",402570
"1604",402710
"1605",402840
"1606",403190
"1607",403640
"1608",403970
"1609",404410
"1610",404540
"1611",404590
"1612",404680
"1613",405310
"1614",405640
"1615",405710
"1616",405820
"1617",405900
"1618",406150
"1619",406970
"1620",407330
"1621",407840
"1622",407900
"1623",409100
"1624",409160
"1625",409510
"1626",409710
"1627",409720
"1628",410110
"1629",410320
"1630",410380
"1631",410900
"1632",411300
"1633",411560
"1634",411830
"1635",411960
"1636",412140
"1637",412400
"1638",412450
"1639",412740
"1640",412830
"1641",412880
"1642",413150
"1643",413410
"1644",413420
"1645",414290
"1646",414340
"1647",414530
"1648",414700
"1649",414740
"1650",415200
"1651",415270
"1652",415590
"1653",415660
"1654",415860
"1655",415880
"1656",416590
"1657",416600
"1658",416680
"1659",417290
"1660",417860
"1661",417910
"1662",418030
"1663",418070
"1664",418180
"1665",418240
"1666",418340
"1667",418370
"1668",418460
"1669",418650
"1670",420110
"1671",420290
"1672",420530
"1673",420740
"1674",421020
"1675",421040
"1676",421050
"1677",421120
"1678",422810
"1679",422870
"1680",422970
"1681",423230
"1682",423580
"1683",423880
"1684",424280
"1685",424370
"1686",424840
"1687",425220
"1688",425580
"1689",426000
"1690",426790
"1691",427190
"1692",427290
"1693",427520
"1694",427730
"1695",428550
"1696",428690
"1697",429050
"1698",429180
"1699",429660
"1700",429680
"1701",429790
"1702",430960
"1703",431240
"1704",431540
"1705",431960
"1706",432020
"1707",433340
"1708",433350
"1709",433850
"1710",433910
"1711",433950
"1712",434030
"1713",434250
"1714",434460
"1715",434570
"1716",434650
"1717",434730
"1718",435030
"1719",435120
"1720",435150
"1721",435400
"1722",435530
"1723",436110
"1724",436150
"1725",436180
"1726",436520
"1727",436820
"1728",437160
"1729",437920
"1730",438040
"1731",438100
"1732",438270
"1733",438490
"1734",438640
"1735",438680
"1736",438740
"1737",439190
"1738",440760
"1739",440900
"1740",441790
"1741",441830
"1742",441870
"1743",442080
"1744",442780
"1745",443580
"1746",443810
"1747",444090
"1748",444200
"1749",444640
"1750",445220
"1751",445980
"1752",446020
"1753",446150
"1754",446800
"1755",447020
"1756",447040
"1757",447530
"1758",447820
"1759",448280
"1760",448510
"1761",448780
"1762",449040
"1763",449140
"1764",449220
"1765",449540
"1766",449800
"1767",449960
"1768",450390
"1769",450540
"1770",451020
"1771",451340
"1772",451760
"1773",452060
"1774",452570
"1775",453090
"1776",453480
"1777",454650
"1778",455980
"1779",456670
"1780",456750
"1781",457140
"1782",457210
"1783",457330
"1784",457550
"1785",458710
"1786",459220
"1787",459820
"1788",460120
"1789",460790
"1790",460810
"1791",460920
"1792",460930
"1793",460950
"1794",461560
"1795",461840
"1796",461910
"1797",461950
"1798",462770
"1799",462780
"1800",462930
"1801",463150
"1802",463270
"1803",463530
"1804",464060
"1805",464340
"1806",464920
"1807",465520
"1808",466240
"1809",466300
"1810",466500
"1811",466560
"1812",466910
"1813",467960
"1814",468530
"1815",468560
"1816",468920
"1817",469600
"1818",469820
"1819",470220
"1820",470260
"1821",471550
"1822",471710
"1823",473690
"1824",473740
"1825",473770
"1826",474750
"1827",474960
"1828",475150
"1829",475190
"1830",475550
"1831",476600
"1832",477160
"1833",477770
"1834",480430
"1835",480490
"1836",480650
"1837",482920
"1838",483980
"1839",484950
"1840",485310
"1841",485380
"1842",485510
"1843",485610
"1844",485980
"1845",486310
"1846",487120
"1847",487220
"1848",487430
"1849",487720
"1850",488310
"1851",488440
"1852",488790
"1853",489360
"1854",489520
"1855",489630
"1856",489830
"1857",489940
"1858",491130
"1859",491530
"1860",491950
"1861",492720
"1862",493200
"1863",493340
"1864",493490
"1865",493900
"1866",495890
"1867",495910
"1868",496240
"1869",496300
"1870",496460
"1871",496890
"1872",497180
"1873",497640
"1874",498240
"1875",499440
"1876",499520
"1877",500710
"1878",501080
"1879",501300
"1880",501590
"1881",502280
"1882",502500
"1883",502550
"1884",502800
"1885",503300
"1886",503560
"1887",503940
"1888",504210
"1889",504230
"1890",504370
"1891",505170
"1892",505460
"1893",506140
"1894",506610
"1895",507010
"1896",507490
"1897",508190
"1898",508440
"1899",509220
"1900",510050
"1901",511470
"1902",511680
"1903",511740
"1904",511800
"1905",512250
"1906",512470
"1907",512790
"1908",512900
"1909",513000
"1910",513230
"1911",513450
"1912",513510
"1913",513560
"1914",513710
"1915",513780
"1916",514900
"1917",515040
"1918",515220
"1919",516750
"1920",517630
"1921",517710
"1922",518030
"1923",518580
"1924",518790
"1925",519140
"1926",519190
"1927",519860
"1928",520440
"1929",520530
"1930",521890
"1931",523210
"1932",523780
"1933",524220
"1934",524580
"1935",525480
"1936",525510
"1937",526160
"1938",526740
"1939",527100
"1940",527230
"1941",527270
"1942",527430
"1943",528230
"1944",529110
"1945",529180
"1946",529780
"1947",530330
"1948",530620
"1949",530630
"1950",530700
"1951",530890
"1952",531510
"1953",531640
"1954",532110
"1955",532210
"1956",532840
"1957",533300
"1958",533540
"1959",533780
"1960",535230
"1961",535480
"1962",535930
"1963",536930
"1964",537110
"1965",537180
"1966",537340
"1967",537800
"1968",538100
"1969",538680
"1970",540610
"1971",540840
"1972",541300
"1973",541570
"1974",542310
"1975",542340
"1976",543460
"1977",543900
"1978",544550
"1979",544730
"1980",544750
"1981",544920
"1982",545250
"1983",546050
"1984",546390
"1985",547680
"1986",547860
"1987",548430
"1988",550010
"1989",550470
"1990",550650
"1991",550840
"1992",550900
"1993",551730
"1994",552100
"1995",552500
"1996",552520
"1997",552590
"1998",552620
"1999",552700
"2000",552990
"2001",553310
"2002",553640
"2003",554620
"2004",555150
"2005",555160
"2006",555210
"2007",555220
"2008",555570
"2009",555880
"2010",557400
"2011",557600
"2012",558100
"2013",558420
"2014",558990
"2015",559100
"2016",559210
"2017",559610
"2018",559650
"2019",560130
"2020",560260
"2021",560380
"2022",562010
"2023",562220
"2024",562810
"2025",563560
"2026",564230
"2027",564710
"2028",566090
"2029",566160
"2030",566990
"2031",567640
"2032",568090
"2033",568220
"2034",568570
"2035",568770
"2036",569480
"2037",569860
"2038",570460
"2039",570780
"2040",570840
"2041",570940
"2042",571260
"2043",571310
"2044",571740
"2045",572410
"2046",573100
"2047",574980
"2048",575550
"2049",575640
"2050",575720
"2051",576770
"2052",577800
"2053",577940
"2054",578080
"2055",578310
"2056",578330
"2057",578620
"2058",579180
"2059",579950
"2060",581320
"2061",581630
"2062",582010
"2063",582160
"2064",582270
"2065",582500
"2066",582550
"2067",582660
"2068",583470
"2069",583950
"2070",584400
"2071",584980
"2072",585420
"2073",585550
"2074",586030
"2075",586140
"2076",587620
"2077",588430
"2078",588650
"2079",588690
"2080",588970
"2081",589290
"2082",589360
"2083",589590
"2084",589780
"2085",589870
"2086",590380
"2087",591420
"2088",591740
"2089",591960
"2090",593200
"2091",593280
"2092",593600
"2093",594570
"2094",594650
"2095",595140
"2096",595280
"2097",595520
"2098",597170
"2099",597220
"2100",598700
"2101",599140
"2102",599390
"2103",599460
"2104",601150
"2105",601430
"2106",601510
"2107",602520
"2108",603850
"2109",604450
"2110",604490
"2111",606150
"2112",606280
"2113",606800
"2114",607050
"2115",607200
"2116",607260
"2117",607890
"2118",609320
"2119",610080
"2120",610360
"2121",611500
"2122",611660
"2123",611670
"2124",611790
"2125",612020
"2126",612070
"2127",612880
"2128",613100
"2129",614570
"2130",615610
"2131",616110
"2132",616560
"2133",617160
"2134",617830
"2135",619780
"2136",619910
"2137",620590
"2138",620980
"2139",621060
"2140",622650
"2141",623940
"2142",624090
"2143",626690
"2144",627270
"2145",627690
"2146",629730
"2147",629910
"2148",630100
"2149",631510
"2150",632350
"2151",632360
"2152",633230
"2153",633460
"2154",635260
"2155",635320
"2156",635730
"2157",636040
"2158",636480
"2159",637090
"2160",637650
"2161",637670
"2162",637850
"2163",638070
"2164",638970
"2165",639170
"2166",639780
"2167",639790
"2168",640820
"2169",641990
"2170",643270
"2171",644560
"2172",644570
"2173",644930
"2174",645090
"2175",645630
"2176",646570
"2177",646910
"2178",647830
"2179",648350
"2180",648390
"2181",648430
"2182",648800
"2183",650000
"2184",650700
"2185",652980
"2186",653530
"2187",654880
"2188",656200
"2189",657200
"2190",658850
"2191",660880
"2192",663390
"2193",665180
"2194",665360
"2195",665490
"2196",666140
"2197",666220
"2198",667720
"2199",667870
"2200",667890
"2201",668630
"2202",671440
"2203",671510
"2204",672680
"2205",673950
"2206",674020
"2207",674400
"2208",674940
"2209",675010
"2210",675260
"2211",676820
"2212",677120
"2213",677160
"2214",678800
"2215",678950
"2216",680320
"2217",680360
"2218",681660
"2219",684410
"2220",686600
"2221",688470
"2222",690510
"2223",690530
"2224",690790
"2225",690830
"2226",691020
"2227",696370
"2228",698780
"2229",700030
"2230",700330
"2231",702810
"2232",702890
"2233",703700
"2234",704270
"2235",704450
"2236",704850
"2237",705120
"2238",705220
"2239",707010
"2240",711660
"2241",711810
"2242",711990
"2243",712050
"2244",712100
"2245",712840
"2246",714010
"2247",716710
"2248",718670
"2249",720280
"2250",723780
"2251",725480
"2252",728540
"2253",728880
"2254",729040
"2255",730310
"2256",731490
"2257",732430
"2258",733990
"2259",734580
"2260",734750
"2261",736190
"2262",736220
"2263",736260
"2264",737800
"2265",738060
"2266",738520
"2267",742120
"2268",743090
"2269",743450
"2270",744190
"2271",744810
"2272",745880
"2273",750920
"2274",751780
"2275",753420
"2276",755790
"2277",758190
"2278",760060
"2279",761620
"2280",761890
"2281",763410
"2282",766370
"2283",766570
"2284",767560
"2285",773951
"2286",776490
"2287",778700
"2288",785740
"2289",786520
"2290",787860
"2291",788770
"2292",788880
"2293",794260
"2294",794600
"2295",795100
"2296",802200
"2297",805850
"2298",809960
"2299",812140
"2300",813820
"2301",814380
"2302",814540
"2303",815370
"2304",816020
"2305",816090
"2306",816340
"2307",823130
"2308",831560
"2309",834530
"2310",834910
"2311",835860
"2312",838310
"2313",838350
"2314",838380
"2315",840140
"2316",841370
"2317",843380
"2318",844930
"2319",845070
"2320",847370
"2321",848450
"2322",851100
"2323",858810
"2324",862690
"2325",863550
"2326",868360
"2327",869760
"2328",871720
"2329",872790
"2330",874240
"2331",878380
"2332",878750
"2333",879160
"2334",880940
"2335",882790
"2336",883710
"2337",884660
"2338",893030
"2339",893180
"2340",893520
"2341",897330
"2342",899440
"2343",899970
"2344",909080
"2345",911400
"2346",914620
"2347",921060
"2348",921590
"2349",921630
"2350",927890
"2351",939400
"2352",939960
"2353",942970
"2354",950100
"2355",952040
"2356",955900
"2357",963690
"2358",967050
"2359",967250
"2360",973760
"2361",977950
"2362",991780
"2363",992300
"2364",994280
"2365",995460
"2366",1008710
